{
    "HeaderWrapper": "w-full flex absolute left-0 right-0 top-0",
    "HeaderContainer": "w-full max-w-screen-xl mx-auto flex justify-between items-center pt-4 pb-3 px-5",
    "HeroConvas": "w-full min-h-screen bg-blue-650 hero-bg pt-32 pb-10 flex flex-wrap items-center",
    "MainMenu": "flex space-x-10 text-white text-lg",
    "MainMenuLi": "hover:text-pink-650 transition duration-250 ease-in-out",
    "HeroContainer": "w-full max-w-screen-xl mx-auto flex px-5",
    "HeroSectionRow": "w-full flex space-x-20 relative z-2",
    "HeroSectionCol": "w-1/2",
    "HeroTitle": "flex flex-col text-white text-7xl font-bold mb-8",
    "HeroTitleSmall": "text-xl",
    "HeroDescription": "text-white text-lg",
    "HeroBtn": "mt-10 px-10 py-2 bg-blue-550 border border-pink-650 rounded-full text-white text-lg inline-flex hover:bg-transparent hover:text-pink-650 transition duration-250 ease-in-out",
    "MainContentSection": "w-full bg-white",
    "MainContentContainer": "w-full max-w-screen-xl px-5 mx-auto py-20",
    "ContentTitle": "text-center text-5xl text-gray-900 font-bold",
    "ContentBoxIcon": "flex space-x-10 py-20",
    "ContentBoxItem": "w-1/3 px-10 py-14 shadow-lg bg-white rounded-xl flex flex-col space-y-8 justify-center items-center",
    "ContentBoxItem2": "w-full px-10 py-10 shadow-3xl bg-white rounded-xl mb-10 flex flex-col space-y-5 justify-center items-center mx-5",
    "ContentBoxTitle": "text-2xl text-center",
    "ContentBoxDescription": "text-center text-lg",
    "AboutUsRow": "flex space-x-20",
    "AboutUsRow2": "flex items-center mt-10",
    "AboutUsCol": "w-1/2",
    "AboutUsCol3": "w-1/2 pr-20",
    "AboutUsCol2": "w-1/2 flex flex-wrap items-start",
    "AboutUsTitle": "flex flex-col text-gray-900 text-3xl font-bold mb-8",
    "AboutUsTitleSmall": "text-lg font-light",
    "AboutUsH5": "text-xl mb-5",
    "AboutUsDescription": "text-lg text-gray-700 mb-6",
    "ThemeLightBtn": "mt-10 px-10 py-2 text-blue-550 border border-blue-650 font-semibold rounded-full text-white text-lg inline-flex hover:bg-blue-650 hover:text-white transition duration-250 ease-in-out",
    "InnerContentBoxRow": "w-full flex mb-10",
    "InnerContentBoxRow2": "w-1/2 flex flex-wrap mb-10 mt-20",
    "InnerContentBoxRow3": "w-1/2 flex flex-wrap mb-10"
}