{
    "HeaderWrapper": "w-full flex",
    "HeaderContainer": "w-full mx-auto flex justify-between lg:justify-center items-center py-[20px] md:py-[30px] 2xl:py-[61px] pl-[25px] md:pl-[50px] 2xl:pl-[118px] pr-[25px] md:pr-[50px] 2xl:pr-[105px]",
    "MainMenu": "flex flex-wrap lg:flex-nowrap space-y-[44px] lg:space-y-[0px] space-x-[0px] lg:space-x-[60px] justify-center",
    "MainMenuLi": "w-full lg:w-auto text-center hover:text-orange-850 transition duration-250 ease-in-out text-[20px] 2xl:text-xl tracking-[-0.6px] font-poppin-semibold uppercase leading-[30px]",
    "BookCall": "bg-orange-850 hover:bg-orange-650 text-white text-20px 2xl:text-xl px-11 py-4 2xl:py-7 rounded-full font-poppin font-semibold mt-[50px] lg:mt-[0px]",
    "SeeBtn": "bg-orange-850 hover:bg-orange-650 text-white text-[18px] md:text-[16px] 2xl:text-lg inline-block px-14 py-4 2xl:py-6 rounded-full font-poppin-bold shadow-xl mt-[30px] md:mt-[61px]",
    "logo": "w-3/12 logo-overlay",
    "HeroSectionWrapper": "w-full mx-auto flex flex-wrap items-center 2xl:items-start pt-[30px] 2xl:pt-14 pb-[0px] 2xl:pb-[130px] pl-[20px] md:pl-[50px] 2xl:pl-20 pr-[20px] md:pr-[50px] md:pr-0 relative",
    "HeroSectionContent": "w-full md:w-[53%] 2xl:pl-[180px]",
    "HeroSectionTitleWrap": "HeroSectionTitleWrap",
    "HeroSectionTitle": "text-[32px] md:text-[40px] xl:text-[50px] 2xl:text-[64px] font-poppin-bold mb-[31px] md:pr-10 leading-[40px] md:leading-[45px] xl:leading-[58px] 2xl:leading-[82px] tracking-[-0.6px] mt-[0px] 2xl:mt-[129px]",
    "HeroSectionImg": "w-full md:w-[47%] flex justify-end HeroSectionImg-overlay 2xl:pt-10 mt-10 md:mt-0",
    "HeroSectionText": "text-[18px] md:text-[20px] xl:text-[29px] 2xl:text-[32px] font-Manjari-400 text-gray-850 leading-[28px] xl:leading-[38px] 2xl:leading-[40px] tracking-[-0.6px] hide-br",
    "ContentBoxWrap": "w-full 2xl:max-w-[1430px] flex m-auto flex-wrap md:flex-nowrap",
    "ContentBoxContainer": "w-full pt-[80px] 2xl:pt-[132px] pb-[80px] 2xl:pb-[120px] px-[20px] md:px-[50px] 2xl:px-20 bg-blue-200 flex flex-col space-y-[25px] md:space-y-[52px]",
    "ContentBoxTitle": "text-center text-[28px] md:text-[35px] 2xl:text-[48px] tracking-[-0.6px] font-poppin-semibold text-gray-850 mb-[10px] leading-[38px] 2xl:leading-[56px] hide-br",
    "ContentBoxItem": "w-full md:w-1/3 md:mx-[25px] mb-5 md:mb-0 bg-white pl-[20px] xl:pl-[30px] 2xl:pl-[60px] pr-[20px] xl:pr-[35px] pt-10 xl:pt-20 pb-10 border border-gray-200 rounded-lg flex flex-col items-satrt",
    "ContentBoxItemTitle": "font-poppin-bold text-gray-850 text-[20px] xl:text-[24px] tracking-[-0.6px] leading-[32px] mt-10 mb-5 text-left",
    "ContentBoxItemText": "font-Manjari-400 text-gray-850 text-left w-full text-[16px] xl:text-[20px] tracking-[-0.6px] mb-5 leading-[26px] xl:leading-[32px]",
    "SimpleTextBlock": "w-full 2xl:max-w-7xl flex flex-col m-auto text-center pt-[80px] 2xl:pt-[172px] pb-[80px] 2xl:pb-[169px]",
    "SimpleTextBlock6": "w-full max-w-7xl flex flex-col m-auto text-center pt-[80px] 2xl:pt-[172px] pb-[50px] 2xl:pb-[97px] px-[20px] md:px-[50px] 2xl:px-[0]",
    "SimpleTextBlock5": "w-full max-w-[1390px] flex flex-col m-auto text-center pt-[80px] 2xl:pt-[165px] pb-[80px] 2xl:pb-[265px] px-[20px] md:px-[50px] 2xl:px-[0]",
    "SimpleTextBlock4": "w-full max-w-[1400px] flex flex-col m-auto text-center pt-[80px] 2xl:pt-[225px] pb-[80px] 2xl:pb-[178px] px-[20px] md:px-[50px] 2xl:px-[0]",
    "SimpleTextBlock2": "w-full max-w-[1400px] flex flex-col m-auto text-center pt-[80px] 2xl:pt-[170px] pb-[80px] 2xl:pb-[57px]",
    "LightSimpleTextBlock": "w-full flex flex-col space-y-7 m-auto text-center py-[155px] px-20 LightSimpleTextBlock",
    "LightSimpleTextBlock5": "w-full flex flex-col m-auto text-center pt-[80px] 2xl:pt-[200px] pb-[80px] 2xl:pb-[155px] px-[20px] md:px-[50px] 2xl:px-20 LightSimpleTextBlock",
    "LightSimpleTextBlock2": "w-full flex flex-col space-y-7 m-auto text-center pt-[193px] pb-[199px] px-20 LightSimpleTextBlock",
    "LightSimpleTextBlock4": "w-full flex flex-col m-auto text-center pt-[80px] 2xl:pt-[182px] pb-[90px] 2xl:pb-[199px] px-[20px] md:px-[50px] 2xl:px-20 LightSimpleTextBlock",
    "LightSimpleTextBlock3": "w-full flex flex-col space-y-7 m-auto text-center pt-[80px] 2xl:pt-[146px] pb-[80px] 2xl:pb-[133px] px-[20px] md:px-20 LightSimpleTextBlock relative z-10",
    "SimpleTextBlockTitle": "text-[28px] lg:text-[35px] 2xl:text-[48px] font-poppin-semibold tracking-[-0.6px] mb-[40px] leading-[38px] 2xl:leading-[56px]",
    "SimpleTextBlockTitle6": "text-[28px] lg:text-[35px] 2xl:text-[48px] font-poppin-semibold tracking-[-0.6px] mb-[24px] leading-[38px] 2xl:leading-[56px]",
    "SimpleTextBlockTitle4": "text-[28px] lg:text-[35px] 2xl:text-[48px] font-poppin-semibold tracking-[-0.6px] mb-[0px] leading-[38px] 2xl:leading-[56px]",
    "SimpleTextBlockTitle5": "text-[28px] lg:text-[35px] 2xl:text-[48px] font-poppin-semibold tracking-[-0.6px] mb-[18px] leading-[38px] 2xl:leading-[56px]",
    "SimpleTextBlockTitle3": "text-[28px] lg:text-[35px] 2xl:text-[48px] font-poppin-semibold mb-[40px] leading-[38px] 2xl:leading-[56px]",
    "SimpleTextBlockTitle2": "text-[28px] lg:text-[35px] 2xl:text-[48px] leading-[38px] 2xl:leading-[56px]  text-white font-poppin-semibold px-[0px] md:px-[50px] 2xl:px-[150px] mb-[30px] 2xl:mb-[60px] relative",
    "SimpleTextBlockText": "text-[18px] md:text-[20px] xl:text-[24px] font-Manjari-400 leading-[30px] md:leading-[32px] text-gray-850 px-[20px] md:px-[50px] tracking-[0.4px]",
    "SimpleTextBlockText6": "text-[18px] xl:text-[21px] font-Manjari-400 leading-[32px] text-gray-850 md:px-[50px] hide-br tracking-[0.4px]",
    "SimpleTextBlockText5": "text-[18px] xl:text-[20px] font-Manjari-400 leading-[32px] text-gray-850 px-[0px] md:px-[50px] tracking-[-0.6px] mt-[24px]",
    "SimpleTextBlockText3": "text-[18px] xl:text-[20px] font-Manjari-400 leading-[30px] md:leading-[32px] text-gray-850 px-[20px] md:px-[70px] tracking-[0.4px] mb-[50px]",
    "SimpleTextBlockTextPricing": "text-[18px] xl:text-[20px] leading-[30px] md:leading-[32px] tracking-[-0.6px] font-Manjari-400 text-gray-850 md:px-[50px] xl:px-[160px]",
    "SimpleTextBlockText2": "text-[24px] font-Manjari-400 text-gray-850 px-[100px] tracking-[0.4px]",
    "SimpleTextBlockText4": "text-[18px] lg:text-[20px] font-Manjari-400 text-gray-850 px-[0px] lg:px-[100px] tracking-[0.4px]",
    "TagsList": "flex flex-wrap justify-center px-[20px] md:px-[50px]",
    "TagBtn": "bg-green-200 text-green-400 flex items-center rounded-lg 2xl:rounded-xl px-[15px] md:px-[35px] py-3 md:py-4 text-18px md:text-20px 2xl:text-2xl font-poppin-regular",
    "Tag": "mx-[4px] md:mx-[8px] my-[4px] md:my-[8px] 2xl:my-[14px]",
    "LightContentBoxWrap": "w-full flex flex-wrap md:flex-nowrap md:space-x-[30px] xl:space-x-[90px] m-auto md:px-[20px]",
    "LightContentBoxContainer": "w-full bg-orange-850 LightContentBoxContainer relative",
    "LightContentBoxItem": "w-full md:w-1/3 bg-orange-750 pl-5 pr-5 2xl:pr-2 pt-[25px] rounded-lg flex flex-col items-satrt relative mb-5 md:mb-0",
    "LightContentBoxItemTitle": "relative font-poppin-bold text-white text-[16px] lg:text-[20px] 2xl:text-2xl mt-0 mb-2 lg:mb-5 text-left pl-[100px] md:pl-[0px] lg:pl-[100px] tracking-[-0.6px]",
    "LightContentBoxItemText": "font-Manjari-400 text-white text-left w-full text-16px 2xl:text-xl mb-5 pl-[100px] md:pl-[0px] lg:pl-[100px]",
    "ContentIconBox": "w-20 h-20 bg-orange-850 rounded-full flex items-center justify-center absolute md:relative lg:absolute mb-[20px] lg:mb-[0] left-3 top-15",
    "WhatGetContainer": "w-full flex flex-wrap md:flex-nowrap pt-[20px] 2xl:pt-[80px]",
    "WhatGetItems": "pt-0 md:pt-[69px] flex flex-col",
    "WhatGetItem": "mb-[22px]",
    "ItemBtn": "flex w-full h-[70px] 2xl:h-[96px] items-center bg-white text-left rounded-lg leading-[22px] xl:leading-[32px] pl-[40px] pr-[20px] py-[0] text-[18px] 2xl:text-[24px] tracking-[-0.6px] font-poppin-bold",
    "CopywritingSecrets": "w-full CopywritingSecrets flex flex-col lg:flex-row space-x-0 lg:space-x-10 mx-auto pt-[80px] 2xl:pt-[190px] pb-[80px] 2xl:pb-[197px] px-[20px] md:px-[50px] 2xl:px[0]",
    "CopywritingTitle": "text-[28px] md:text-[38px] 2xl:text-[48px] font-poppin-semibold pl-[0] md:pl-[8px] text-gray-850 tracking-[-0.6px] mt-[25px]",
    "CopywritingTitle2": "text-[28px] lg:text-[35px] 2xl:text-[48px] font-poppin-semibold text-left pl-[28px] text-gray-850 tracking-[-0.6px] md:mt-[100px]",
    "CopywritingP": "text-[18px] xl:text-[20px] font-Manjari-400 text-gray-850 my-8 pl-[8px]",
    "CopywritingForms": "flex flex-col bg-white shadow-xl px-[20px] md:px-[50px] pt-[30px] 2xl:pt-[60px] pb-[40px] 2xl:pb-[80px] rounded-lg",
    "FormLabel": "text-18px 2xl:text-xl font-poppin-Medium mb-[10px]",
    "fieldset": "flex flex-col mt-[3px] mb-[22px]",
    "FormField": "w-full bg-gray-200 px-10 py-3 md:py-4 2xl:py-6 outline-0 border-2 focus:border-orange-850 rounded-full text-xl font-Manjari-400",
    "FormBtn": "w-full bg-orange-850 text-white rounded-full mt-[10px] 2xl:mt-[28px] text-20px 2xl:text-xl px-10 py-4 2xl:py-6 font-poppin font-bold",
    "AlternativesMainTable": "w-full AlternativesMainTable font-poppin-semibold",
    "PricingTableContainer": "w-full flex flex-wrap lg:flex-nowrap",
    "PricingTableItems": "w-full md:w-[47%] xl:w-1/4 relative bg-white shadow-3xl flex flex-col rounded-lg px-[20px] xl:px-[35px] pt-[35px] pb-[250px] text-left mt-[50px] lg:mt-[70px] md:mx-[12px]",
    "PricingTableItemsActive": "w-full md:w-[47%] xl:w-1/4 relative bg-white shadow-3xl flex flex-col border-2 border-orange-850 rounded-lg px-[20px] xl:px-[35px] pt-[35px] pb-[70px] text-left mt-[50px] lg:mt-[70px] md:mx-[12px]",
    "PricingTableTitle": "flex flex-col text-[24px] 2xl:text-3xl font-poppin-bold border-b pb-[20px] 2xl:pb-8 mb-[20px] 2xl:mb-[30px]",
    "PricingPackage": "flex flex-col font-Manjari pl-[10px]",
    "PricingPackageLi": "flex items-center text-18px 2xl:text-xl text-gray-850 font-Manjari-400 mt-[20px]",
    "GetStartedBtn": "bg-green-400 hover:bg-green-550 px-10 py-4 2xl:py-6 text-white font-poppin-bold text-center rounded-full text-18px 2xl:text-xl absolute left-[25px] right-[25px] bottom-[50px]",
    "GetStartedBtnOrng": "bg-orange-850 hover:bg-orange-750 px-10 py-4 2xl:py-6 text-white font-poppin-bold text-center rounded-full text-18px 2xl:text-xl absolute left-[25px] right-[25px] bottom-[50px]",
    "GetStartedBtnBlue": "bg-blue-850 hover:bg-blue-350 px-10 py-4 2xl:py-6 text-white font-poppin-bold text-center rounded-full text-18px 2xl:text-xl absolute left-[25px] right-[25px] bottom-[50px]",
    "AddOnsList": "flex flex-wrap items-center justify-center",
    "AddOnsItem": "w-full md:w-auto bg-blue-300 px-10 py-4 text-[16px] lg:text-[18px] xl:text-[24px] font-poppin-Medium md:mx-3 my-[8px] md:my-[13px] rounded-lg",
    "BookCallSection": "w-full flex flex-wrap md:flex-nowrap md:space-x-20 items-center justify-center md:justify-between mx-auto relative bg-orange-850 rounded-lg shadow-lg px-[50px] xl:px-[100px] py-[30px] md:py-[60px] 2xl:py-[104px] BookCallSection overflow-hidden",
    "BookCallTitle": "w-full md:w-auto relative text-white text-[22px] lg:text-[28px] xl:text-[32px] font-poppin-semibold md:text-left tracking-[-0.6px] leading-[35px] lg:leading-[48px] mb-5 md:mb-0",
    "BookCallBtn": "w-full md:w-auto relative z-20 bg-white text-orange-850 text-xl px-[50px] xl:px-[65px] 2xl:px-[92px] py-[15px] xl:py-[18px] 2xl:py-[26px] rounded-full font-poppin-bold whitespace-nowrap",
    "SideContentBoxList": "flex flex-col pt-[30px] 2xl:pt-[50px] md:pl-[20px]",
    "SideContentBoxItem": "relative flex flex-col mb-[25px] 2xl:mb-[53px] pt-[15px]",
    "SideContentBoxIcon": "w-[72px] h-[72px] rounded-full bg-white left-[8px] top-[15px] flex items-center justify-center absolute",
    "SideContentBoxTitle": "pl-28 text-left text-base lg:text-xl 2xl:text-2xl font-poppin-bold tracking-[-0.6px]",
    "SideContentBoxText": "text-[16px] lg:text-[18px] 2xl:text-[20px] font-Manjari-400 pl-[112px] text-left mt-[18px] tracking-[-0.6px]",
    "FooterWrapper": "w-full bg-blue-200 pt-36",
    "FooterContainer": "w-full FooterContainer flex flex-wrap lg:flex-nowrap space-x-0 lg:space-x-5 m-auto px-[20px] md:px-[50px] 2xl:px-[0]",
    "FooterCopyrightContainer": "w-full FooterContainer flex flex-wrap md:flex-nowrap justify-center md:justify-between m-auto px-[20px] md:px-[50px] 2xl:px-[0]",
    "FooterTitle": "text-xl 2xl:text-2xl font-poppin-bold mb-5 text-gray-850 mt-[1px]",
    "FooterMenu": "flex flex-col space-y-3 2xl:space-y-5 text-base 2xl:text-xl font-Manjari-400",
    "FooterP": "text-base 2xl:text-xl font-Manjari text-gray-850 font-Manjari-400",
    "NewsletterForm": "w-full lg:w-96 bg-white border flex rounded-full overflow-hidden relative mt-10",
    "NewsletterField": "w-full px-5 2xl:px-10 py-3 2xl:py-6 outline-0",
    "NewsletterBtn": "w-10 2xl:w-16 h-10 2xl:h-16 rounded-full bg-orange-850 absolute right-1 top-1 flex items-center justify-center",
    "FooterCopyright": "border-t flex justify-between items-center py-4 2xl:py-8 mt-20",
    "FooterSocialLinks": "flex items-center mt-2 md:mt-0",
    "CopyrightText": "text-base 2xl:text-xl text-gray-850 font-Manjari-400 ",
    "FooterSocial": "flex space-x-2 ml-5",
    "MobileSocial": "flex space-x-2 mt-auto",
    "BookCallSection2": "w-full flex flex-wrap md:flex-nowrap  md:space-x-20 items-center justify-center md:justify-between mx-auto relative bg-green-400 rounded-lg shadow-lg px-[50px] lg:px-[100px] py-[80px] md:py-[40px] lg:py-[60px] 2xl:py-[100px] BookCallSection BookCallSection2 overflow-hidden",
    "BookCallTitle2": "relative text-white text-3xl md:text-4xl lg:text-5xl 2xl:text-6xl font-poppin-bold md:text-left",
    "BookCallBtn2": "w-full md:w-auto relative z-20 bg-white md:text-green-400 text-lg 2xl:text-xl px-[50px] 2xl:px-[86px] py-4 2xl:py-7 rounded-full font-poppin-bold whitespace-nowrap",
    "BookCallText": "text-white mb-5 md:mb-0 text-[18px] 2xl:text-[24px] mt-3 font-Manjari-400 md:font-poppin-semibold relative md:text-left",
    "SliderContainer": "w-full max-w-[1396px] flex m-auto pt-[25px] pb-[50px] md:pb-[119px]",
    "MobileSidebarMenu": " w-[297px] pt-[136px] flex flex-col items-center fixed bg-white right-0 top-0 h-[100%] z-50 menu-overlay pb-[30px]",

    "": "Writing Sample Section Starts here ",
    "writingmainContainer": "flex justify-center py-10",
    "writingmainDiv": "container px-2 lg:px-20",
    "welive": "text-[20px] font-[400] text-center leading-[32px]",
    "hireUs": "text-[24px] text-center font-[800] leading-[36px]",
    "hireusContainer": "flex justify-center px-6 flex-col gap-5",
    "gridMainContainer": "grid grid-cols-1 lg:grid-cols-3  gap-10 mt-10",
    "extracardMainContainer": "flex bg-orange-50 rounded-lg shadow-2xl items-center",
    "extractSubContainer": "flex pb-6 flex-col gap-5 ",
    "seePricing": "text-[20px] font-[700] bg-orange-850 w-fit text-white px-4 py-2 rounded-full",
    "TagsMainContainer": "flex flex-wrap lg:flex-row px-5 lg:px-0 text-lg font-bold text-gray-450 gap-5 lg:gap-20",
    "WritingHeroSectionWrapper": "w-full bg-orange-150 mx-auto flex flex-col lg:flex-wrap lg:flex-row pt-14 pb-[130px] pl-0 lg:pl-20 pr-0 relative",
    "pixelMainContainer": "flex justify-center py-10",
    "pixelsubContainer": "container px-2 lg:px-20",
    "pixelThirdContainer": "flex flex-col pt-10",
    "pixelGridMainContainer": "grid grid-cols-1 lg:grid-cols-3  gap-10 mt-10",
    "pixelGridSubContainer": "flex bg-orange-50 rounded-lg shadow-2xl items-center",
    "pixelGridSeePricing": "text-[20px] font-[700] bg-orange-850 w-fit text-white px-4 py-2 rounded-full",
    "pixelHireUs": "text-[24px] text-center font-[800] leading-[36px]",
    "picelweLive": "text-[20px] font-[400] text-center leading-[32px]",

    "": "about us page styling ",
    "ContactBtn": "bg-orange-850 hover:bg-orange-650 text-white text-lg inline-block px-14 py-6 rounded-full font-poppin-bold shadow-xl",
    "ViewMoreBtn": "bg-white hover:bg-orange-650 text-orange-850 hover:text-white uppercase w-1/4 text-lg inline-block px-5 mx-[150px] py-6 rounded-full text-center font-poppin-bold shadow-xl absolute mt-[24px] left-[16rem]",
    "BookACallBtn": "bg-transparent border-2 border-orange-650 hover:bg-orange-650 text-black text-lg inline-block px-14 py-6 rounded-full font-poppin-bold shadow-xl mt-[61px] mr-4",
    "HeroAboutusSectionWrapper": "w-full mx-auto flex flex-wrap pt-14 pb-[130px] px-[2rem] relative",
    "Section3AboutusWrapper": "w-full mx-auto flex flex-wrap bg-blue-200 pl-20 pr-0 relative",
    "HeroAboutusContent": "w-[53%]",
    "OurMissionSectionContent": "w-[53%] pl-[286px]",
    "Section3AboutusTitle": "text-[54px] font-poppin-bold mb-[31px] pr-10 leading-[82px] tracking-[-0.6px] mt-[129px]",
    "Section4AboutusConnectTitle": "text-[54px] font-poppin-bold pr-10 leading-[82px] tracking-[-0.6px]",
    "OurMissionSectionImg": "w-[47%] flex justify-start pl-[13rem] pt-10",
    "HeroAboutusImgClass": "w-[47%] flex justify-center HeroAboutusImg-overlay pt-10",
    "Section3AboutusImgClass": "w-[47%] flex justify-center pt-10",
    "Section4CardText": "text-[20px] font-Manjari-400 text-gray-850 leading-[40px] tracking-[-0.6px] text-center pt-[20px]",
    "Section4AboutusText": "text-[20px] font-Manjari-400 text-white leading-[40px] tracking-[-0.6px] px-[150px]",
    "LightBlockSection4Aboutus": "w-full flex flex-col m-auto text-center LightSimpleTextBlock2",
    "LightBlockSection4Aboutus2": "w-full flex flex-col m-auto text-center",
    "LightTextSection4Aboutus": "w-full flex flex-col  m-auto text-start items-center  px-20 ",
    "Section4AboutusContainer": " bg-orange-850 Section4LightContainer py-[164px] relative",
    "CopywritingSecrets2": "w-full px-[26rem] flex space-x-10 mx-auto pt-[190px] pb-[197px]",
    "CopywritingTitle4": "text-5xl font-poppin-semibold pl-[8px] text-gray-850 tracking-[-0.6px] mt-[25px] QuotesIcons",
    "BookCallSection3": "w-full  flex space-x-20 items-center justify-between mx-auto relative bg-orange-850 rounded-lg shadow-lg px-[26rem] py-[104px] BookCallSection3 overflow-hidden",
    "BookCallSection4": "w-full  flex space-x-20 items-center justify-between mx-auto relative bg-[#fce6dc] rounded-lg shadow-lg px-[26rem] py-[104px] overflow-hidden",
    "A": "relative z-20 bg-white text-orange-850 text-xl px-[92px] py-[26px] rounded-full font-poppin-bold whitespace-nowrap",
    "PricingTitleBar": "PricingSection-overlay w-full px-[100px] flex flex-col h-[850px]",
    "PricingTitleBarInner": "max-w-[1289px] mx-auto text-center pt-[150px] 2xl:pt-[200px]",
    "PricingTitle": "mb-[32px] text-[32px] md:text-[40px] xl:text-[50px] 2xl:text-[64px] font-poppin-bold leading-[40px] md:leading-[45px] xl:leading-[58px] 2xl:leading-[82px] tracking-[-0.6px]",
    "PricingText": "mb-[32px] text-[18px] md:text-[20px] xl:text-[29px] 2xl:text-[32px] font-Manjari-400 text-gray-850 leading-[28px] xl:leading-[38px] 2xl:leading-[40px] tracking-[-0.6px] hide-br",
    "TableDescription": "w-full px-[100px] bg-blue-200",
    "TableDescriptionInner": "max-w-[1289px] mx-auto text-center pt-[600px]",
    "TableDescriptionText": "text-[20px] font-Manjari-400 text-gray-850 leading-[32px] tracking-[-0.6px] hide-br",
    "ChooseAddOnsContainer": "w-full",
    "ChooseAddOnsContainerInner": "max-w-[1289px] mx-auto text-center py-[100px]",
    "ChooseAddOnsTitle": "text-[32px] text-center xl:text-[40px] 2xl:text-[48px] font-poppin-bold leading-[36px] xl:leading-[50px] 2xl:leading-[56px] tracking-[-0.6px]",
    "ChooseAddOnsBox": "w-8/12 bg-green-150 p-[35px] text-left rounded-[10px]",
    "ChooseAddOnsBox2": "w-4/12 bg-green-150 p-[35px] text-left rounded-[10px]",
    "ChooseAddOnsBoxTitle": "text-[24px] font-poppin-bold leading-[32px] text-gray-850 flex justify-between mt-[24px]",
    "ChooseAddOnsBoxGroup": "w-[870px] flex space-x-[32px]"
}